<?xml version="1.0" encoding="UTF-8" standalone="yes"?>
<addon id="repository.remod" name="[COLOR blue]ReMod[/COLOR] Repo" version="25.08.27.2" provider-name="Saratoga">
    <extension point="xbmc.addon.repository" name="ReMod Repository">
        <dir>
            <info>https://remod-repo.19saratoga79.synology.me/addons.xml</info>
            <checksum>https://remod-repo.19saratoga79.synology.me/addons.xml.sha256</checksum>
            <datadir zip="true">https://remod-repo.19saratoga79.synology.me/</datadir>
        </dir>
    </extension>
    <extension point="xbmc.addon.metadata">
        <summary>ReMod Repo</summary>
        <description></description>
        <disclaimer></disclaimer>
        <platform>all</platform>
        <assets>
            <icon>icon.png</icon>
            <fanart>fanart.jpg</fanart>
        </assets>
    </extension>
</addon>