<?xml version="1.0" encoding="UTF-8" standalone="yes"?>
<addons>

<addon id="plugin.video.duffyou" name="Duff You" version="0.2.1" provider-name="La Taberna">
    <requires>
        <import addon="script.module.six" version="1.11.0" />
        <import addon="script.module.simplecache" />
        <import addon="script.module.inputstreamhelper" version="0.5.0" />
    </requires>

    <extension point="xbmc.python.pluginsource" library="libs/plugin.py">
        <provides>video</provides>
    </extension>
	<extension point="xbmc.python.module" library="libs" />
    <extension point="xbmc.addon.metadata">
        <description>Hasta las narices de las apikeys de YouTube? Y de ver como calidad máxima los videos de la plataforma solo hasta 720p?[CR]Pues se acabó! Desde nuestra taberna os presentamos un nuevo addon de YouTube, donde no hace falta APIKEY alguna, ni tampoco hay ningún tipo de restricción para ver los videos a la máxima calidad ofrecida, 720p, 1080p, 2K y 4K![CR]Todo esto y mucho mas...</description>
        <disclaimer>Este es un software [COLOR red][B]gratuito[/B][/COLOR][CR][COLOR red][B]Pero no se permite[/B][/COLOR] su distribuición preinstalada en ningún tipo de dispositivo ni tampoco su inclusión total o parcial en cualquier paquete de software y/o hardware por el que el usuario final deba [COLOR red][B]pagar o hacer una donación[/B][/COLOR], por su adquisición, por su uso o por recibir asistencia.[CR]Si cree que alguna de estas normas no se está cumpliendo póngase en contacto con nosotros.</disclaimer>
        <platform>all</platform>
        <assets>
            <icon>icon.jpg</icon>
            <fanart>fanart.jpg</fanart>
        </assets>
        <license>[B]Este es un software gratuito[/B]</license>
        <news>- Añadida opción de reproducción externa de playlists[CR]- Correcciones menores
        </news>
    </extension>
</addon>

<addon id="plugin.video.moestv" name="Moe's TV" version="0.2.1" provider-name="La Taberna">
  <requires>
    <import addon="script.module.six" version="1.11.0"/>
    <import addon="script.module.simplecache"/>
    <import addon="script.module.inputstreamhelper" version="0.5.0"/>
    <import addon="plugin.video.duffyou" version="0.1.2"/>
  </requires>
  <extension point="xbmc.python.pluginsource" library="default.py">
    <provides>video</provides>
  </extension>

  <extension point="xbmc.addon.metadata">
    <summary>Televisión a la carta y en directo.[CR]Algunos de los enlaces de la sección 'En Directo' provienen de las listas publicadas en https://www.tdtchannels.com/ </summary>
    <disclaimer>Este es un software [COLOR red][B]gratuito[/B][/COLOR][CR][COLOR red][B]Pero no se permite[/B][/COLOR] su distribuición preinstalada en ningún tipo de dispositivo ni tampoco su inclusión total o parcial en cualquier paquete de software y/o hardware por el que el usuario final deba [COLOR red][B]pagar o hacer una donación[/B][/COLOR], por su adquisición, por su uso o por recibir asistencia.[CR]Si cree que alguna de estas normas no se está cumpliendo póngase en contacto con nosotros.</disclaimer>
    <platform>all</platform>
    <assets>
        <icon>icon.jpg</icon>
        <fanart>fanart.jpg</fanart>
    </assets>
    <license>[B]Este es un software gratuito[/B]</license>
    <news> - Versión 0.1.3:
      * Mostrar vistos en skin embuary
      [CR]- Versión 0.1.2:
      * Reparado fix en multi-bitrate
      [CR]- Versión 0.1.1:
      * Reparado fix MPD en Atresplayer
      * Uso de Duff You para resolver enlaces de youtube
      * Mejoras en la actualización de canales
      [CR]- Version 0.0.9:
      * Nuevos canales
      * Cambios en el orden de los canales
      * Permitir descargas en la mayoria de los canales.
      * Canal Mitele: Reparar Geolocalizacion de IPs en windows 10 y kodi 19
      * Mejora en la actualización de canales
      * Otras reparaciones menores
      [CR]- Versión inicial 0.0.7
    </news>
  </extension>
</addon>

<addon id="service.instalador.remod" name="ReMod Instalador" version="25.08.27.2" provider-name="Saratoga">
	<requires>
		<import addon="xbmc.python" version="3.0.0"/>
	</requires>
	<extension point="xbmc.service" library="autoexec.py">
		<provides></provides>
	</extension>
	<extension point="xbmc.addon.metadata">
		<summary lang="es_ES">ReMod Instalador.</summary>
		<description lang="es_ES"></description>
		<platform>all</platform>
		<license>GNU GENERAL PUBLIC LICENSE Version 2</license>
	</extension>
</addon>

<addon id="repository.remod" name="[COLOR blue]ReMod[/COLOR] Repo" version="25.08.27.2" provider-name="Saratoga">
    <extension point="xbmc.addon.repository" name="ReMod Repository">
        <dir>
            <info>https://remod-repo.19saratoga79.synology.me/addons.xml</info>
            <checksum>https://remod-repo.19saratoga79.synology.me/addons.xml.sha256</checksum>
            <datadir zip="true">https://remod-repo.19saratoga79.synology.me/</datadir>
        </dir>
    </extension>
    <extension point="xbmc.addon.metadata">
        <summary>ReMod Repo</summary>
        <description></description>
        <disclaimer></disclaimer>
        <platform>all</platform>
        <assets>
            <icon>icon.png</icon>
            <fanart>fanart.jpg</fanart>
        </assets>
    </extension>
</addon>

</addons>